자치구,연도,성별,심폐지구력,근력,평균BMI,1~2등급비율,3등급비율,4~5등급비율
강남구,2016,남,-0.6778940418833869,-0.1622491336326248,21.207575757575757,45.17476368432622,43.679929654869206,11.145306660804573
강남구,2016,여,-0.7160248288763723,0.7496256465242609,20.298412698412697,63.40068623713305,32.494599059600965,4.10471470326598
강남구,2017,남,0.10711873326780585,0.09812216281045809,21.38730158730159,46.60826328874156,43.22244583875932,10.169290872499111
강남구,2017,여,0.09614601781153692,0.18777579567259858,20.16166666666667,67.16294458229942,29.528535980148884,3.3085194375516958
강남구,2018,남,-0.07383948159126734,-0.1254992407671106,21.530158730158732,46.35429117857996,42.68467606980636,10.961032751613674
강남구,2018,여,0.864101305832448,0.688184722356072,20.336666666666666,65.05734107319836,31.318136769078297,3.624522157723347
강남구,2019,남,-0.32832799858483785,-0.5136602381236657,21.633870967741935,49.52939738418286,40.41070773744041,10.059894878376726
강남구,2019,여,0.10504261477562445,0.014524665631028605,20.459322033898303,67.33449477351915,29.065040650406505,3.6004645760743323
강남구,2020,남,0.2398073805377559,-0.08822120511264187,21.714285714285715,49.3124763466633,40.83512047432825,9.852403179008453
강남구,2020,여,-0.12288803979389767,0.41626140093604364,20.206666666666667,68.7342709104367,28.142116950407104,3.1236121391561804
강남구,2022,남,-0.43195196756974025,0.5012722491991713,22.35737704918033,41.28831528001844,44.146116616731966,14.565568103249596
강남구,2022,여,-0.22375844026124994,0.6964027064835104,20.29824561403509,56.998403406067055,36.46886641830761,6.532730175625333
강남구,2023,남,0.3418237642506024,0.13820709999081318,21.953968253968252,42.81307129798903,42.09323583180987,15.093692870201098
강남구,2023,여,-0.7672165228303028,0.07344017129525578,20.2,58.86862278614856,34.87972508591065,6.251652127940788
강남구,2024,남,0.7859937016531795,0.27257267123403406,21.684126984126983,50.83314047674149,37.38717889377459,11.779680629483916
강남구,2024,여,0.2604886496535257,0.2866816035572735,20.045,64.62836056931998,30.785450711649975,4.586188719030047
강남구,2025,남,0.5948267559366573,1.020437969520429,21.668181818181818,49.4269340974212,37.87745206083315,12.695613841745649
강남구,2025,여,0.5687206528631163,0.757510930312571,19.952380952380953,66.58198907659087,28.718404674202976,4.6996062492061474
강동구,2016,남,-0.2614423358196739,0.4532103595726625,21.385416666666668,56.43843754641319,36.99688103371454,6.5646814198722705
강동구,2016,여,0.4597135980868892,-0.02790436315363191,20.650000000000002,66.68439716312056,30.230496453900706,3.0851063829787235
강동구,2017,남,0.2039427362673476,-0.03791932216865934,21.474999999999998,52.20136235255026,39.740820734341256,8.05781691310849
강동구,2017,여,-0.09704967445438384,0.524327542991697,20.654166666666665,66.69994010780594,30.4451986424436,2.8548612497504493
강동구,2018,남,-0.6508929203165762,-0.0941198067029952,21.71666666666667,49.66288147622427,41.83818310858765,8.498935415188075
강동구,2018,여,-0.3192322039060182,-0.2673442713315908,20.818749999999998,61.31799163179916,35.39748953974895,3.284518828451883
강동구,2019,남,-1.1773568414992799,-0.14784101630077262,21.833333333333332,48.729135053110774,41.08497723823976,10.185887708649469
강동구,2019,여,-0.6444979253241289,-0.12518275512488186,20.860416666666666,62.14638527166591,33.70004490345757,4.153569824876516
강동구,2020,남,-0.6140261011474879,0.7393506913673509,21.839583333333334,46.07030015797788,45.24091627172196,8.688783570300158
강동구,2020,여,-0.533042964254348,-0.19659658371985492,20.8,57.82312925170068,38.35327234342012,3.823598404879193
강동구,2021,남,0.07771711912435979,0.8372273167997137,23.133333333333336,37.91887125220458,45.85537918871252,16.225749559082892
강동구,2021,여,-0.2947432208939814,-0.12969406569767888,21.355555555555554,52.74151436031331,40.992167101827675,6.266318537859007
강동구,2022,남,-1.1141170676229788,-0.22745201383608524,22.74705882352941,38.53519233999664,46.32958172350076,15.135225936502602
강동구,2022,여,-0.0658592909572663,0.681095807953974,20.784313725490197,53.70749692748873,40.47521507578861,5.817287996722655
강동구,2023,남,-0.9759356336254386,0.4145068169436503,22.35686274509804,43.576533156057835,42.34668439421639,14.076782449725778
강동구,2023,여,-0.1282108214711173,0.41780141552428723,20.719607843137254,57.74791284870698,36.957849725106904,5.294237426186113
강동구,2024,남,-1.4396454261004288,-0.002662107080173559,22.021153846153844,49.21173080183082,39.71859637226648,11.069672825902694
강동구,2024,여,-0.8246898765916079,0.5621651114300069,20.65686274509804,60.128746731040025,35.143834238583786,4.727419030376182
강동구,2025,남,-1.165599140832297,-0.023774096925690102,21.91509433962264,50.470904809956274,38.47965018499832,11.04944500504541
강동구,2025,여,0.005163955288907257,0.20223439093468043,20.641176470588235,64.06281057443847,31.54442456768038,4.3927648578811365
강북구,2016,남,-0.8381196371438818,-0.20696898049916648,21.46363636363636,52.331995987963886,41.02306920762287,6.64493480441324
강북구,2016,여,0.30467348686645185,-0.7728001961949653,20.8969696969697,67.51745725981219,29.352275463520343,3.1302672766674693
강북구,2017,남,-0.03867900540151897,0.4091176999846377,21.824242424242424,55.331491712707184,36.049723756906076,8.61878453038674
강북구,2017,여,0.1368866873123677,-0.2807048648545622,21.12121212121212,68.92998678996037,28.269484808454425,2.8005284015852046
강북구,2018,남,-0.20162546771296969,0.1969755263826282,21.918181818181818,52.92880744968459,39.59146890958245,7.479723640732954
강북구,2018,여,0.5529645861298269,0.8366651195721319,21.151515151515152,66.8270591565242,30.399094254174923,2.7738465893008777
강북구,2019,남,0.07587652080351785,0.584760321945584,21.921212121212122,55.794270833333336,36.81640625,7.389322916666667
강북구,2019,여,0.7427407337034262,-0.8074298355582056,21.021212121212123,66.1304474992688,29.8917812225797,3.977771278151506
강북구,2020,남,-0.7257462957799528,-0.5542202502275936,21.945454545454545,52.637057598889655,39.13948646773074,8.223455933379597
강북구,2020,여,0.1688925338541074,0.22579550372182125,20.96060606060606,60.19147621988882,34.24953675108092,5.558987029030265
강북구,2022,남,-1.4879303986821162,-0.9295921648447605,23.2,34.41649196366178,46.12159329140461,19.461914744933612
강북구,2022,여,-0.711210511686074,-1.116509471211267,21.21212121212121,49.90335051546392,42.46134020618557,7.635309278350516
강북구,2023,남,-0.8717270848987008,-0.455761373303422,22.87878787878788,36.853448275862064,41.98994252873563,21.156609195402297
강북구,2023,여,-0.544487624303205,-1.1080230194962704,21.081818181818182,52.72727272727272,39.61038961038961,7.662337662337662
강북구,2024,남,-1.3295161302361582,-0.7393742266420688,22.275757575757577,49.887471867966994,36.75918979744936,13.353338334583645
강북구,2024,여,-0.18025420984227297,0.2637316820125069,20.90909090909091,62.440677966101696,32.20338983050847,5.3559322033898304
강북구,2025,남,-1.7933609996788396,-0.45161993288835306,22.436363636363637,43.337151584574265,42.688048873615884,13.974799541809851
강북구,2025,여,-0.5525486872458782,0.6112679099854705,21.312121212121212,55.320623916811094,37.60831889081456,7.07105719237435
강서구,2016,남,-0.44342618489026625,0.0855362400859871,20.991666666666667,47.65204003079292,44.71131639722864,7.636643571978445
강서구,2016,여,-0.5064475043482061,-0.1136891872281558,20.458333333333332,59.054625136954144,37.56456409453748,3.3808107685083737
강서구,2017,남,-0.39444940577844473,0.8879627694230408,21.295,46.66230366492147,44.84620418848168,8.491492146596858
강서구,2017,여,-0.52097897734571,0.0849982486600948,20.608333333333334,61.20019837989751,35.79103984129608,3.0087617788064143
강서구,2018,남,-0.511878758416947,0.41265039585224844,21.476666666666667,51.41843971631206,40.476190476190474,8.105369807497468
강서구,2018,여,-0.19921708504635424,0.28244854699773153,20.584999999999997,64.72019464720195,32.655543969412584,2.624261383385471
강서구,2019,남,-0.6047403370327351,0.5044309347352678,21.638333333333332,52.68474215842637,39.44710260499734,7.868155236576289
강서구,2019,여,-0.30061549535945903,0.5957231367651107,20.665000000000003,66.18782546238103,30.86730113126234,2.944873406356617
강서구,2020,남,-0.27272664109653305,-0.018973845321669697,21.698245614035088,52.12246431254696,38.335837716003006,9.541697971450038
강서구,2020,여,-0.2528601160908726,-0.18965749408701807,20.587719298245613,63.888888888888886,32.79320987654321,3.3179012345679015
강서구,2022,남,-0.16264035034056898,-0.5656809629219957,22.625,39.70204841713222,43.01675977653631,17.28119180633147
강서구,2022,여,0.30941894897002853,-0.10221794709532411,20.84333333333333,48.805007587253414,42.640364188163886,8.554628224582702
강서구,2023,남,-0.44221291815901287,-0.653175046463146,22.285,44.61912783080667,39.322478008609394,16.05839416058394
강서구,2023,여,-0.15221912918362593,0.1752497302618765,20.81833333333333,58.967964703625555,34.49069633608287,6.541338960291579
강서구,2024,남,-0.5539970144597951,-0.32284510060679955,21.98,48.45720939258684,36.94934989326606,14.5934407141471
강서구,2024,여,-0.5427632549335628,-0.3853227265473391,20.708333333333332,59.66067864271457,33.93213572854291,6.407185628742515
강서구,2025,남,-0.30229818596485597,-0.1529944646760488,22.116666666666667,45.76694183144557,37.28162795162219,16.951430216932234
강서구,2025,여,-0.2896952671225878,-0.19336579058150105,20.623333333333335,56.32506004803843,36.46917534027222,7.205764611689351
관악구,2016,남,0.11042839815925731,-0.01815311534440463,21.40232558139535,49.772772179411184,41.11835605611539,9.108871764473424
관악구,2016,여,-0.0948401191697641,0.08576431583916273,24.995454545454546,57.661996497373025,38.463222416812606,3.8747810858143605
관악구,2017,남,-0.13912586556079923,-0.27453672419173075,21.668181818181818,46.633033559991226,43.18929589822329,10.17767054178548
관악구,2017,여,-0.15004864738324653,-0.4233972002165361,20.95,58.5693710993759,37.51800288046087,3.912626020163226
관악구,2018,남,0.03264359258118484,0.3204955487927881,21.625,50.476190476190474,38.452380952380956,11.071428571428571
관악구,2018,여,-0.0721147744857736,0.5363719812974678,20.8,63.74903175832688,32.01652465788794,4.234443583785179
관악구,2019,남,0.010507423531389273,0.7523760321098344,21.775000000000002,55.64950038431975,35.306174737381504,9.044324878298744
관악구,2019,여,0.4066783985109768,0.013232690979961012,20.90681818181818,66.42355483522421,30.551053484602917,3.0253916801728797
관악구,2020,남,-0.12377870704036327,-0.20121885549580865,21.493333333333336,49.117087747894594,40.17929910350448,10.703613148600924
관악구,2020,여,0.3499125974957582,0.21596170027169356,20.766666666666666,62.169919632606195,33.95522388059701,3.874856486796785
관악구,2021,남,-0.07143157111419063,0.012490146842066218,22.233333333333334,29.431438127090303,49.163879598662206,21.40468227424749
관악구,2021,여,-0.07804075452939155,0.2846958106265095,20.566666666666666,41.254125412541256,46.864686468646866,11.881188118811881
관악구,2022,남,-0.08426585064218876,-0.11089453070243228,22.652272727272727,37.056988942444,45.02409980153105,17.91891125602495
관악구,2022,여,0.02380779764758049,0.19696119585019792,20.956818181818182,52.73646638905414,39.47055324211779,7.792980368828078
관악구,2023,남,-0.14797094683092907,0.7567484679841076,22.57111111111111,40.0,41.82634730538922,18.17365269461078
관악구,2023,여,-0.15923303030278238,0.051609749617921384,20.977777777777778,53.283066289663836,37.88878416588125,8.828149544454917
관악구,2024,남,0.15438796387055018,0.4106215833596778,22.224444444444444,45.82686937635743,38.473471920570894,15.699658703071673
관악구,2024,여,0.33029586045851383,0.4440029467598749,20.76222222222222,58.909574468085104,33.87632978723404,7.214095744680852
관악구,2025,남,-0.16267950798144853,1.1023142253423919,22.288888888888888,45.295829291949566,38.89427740058196,15.809893307468478
관악구,2025,여,-0.2820193613853329,0.911287444010436,20.822222222222223,58.97966218545329,33.57462943812479,7.445708376421924
광진구,2016,남,0.36940690697468376,0.8118626018358626,21.3969696969697,41.76182707993475,50.83605220228385,7.402120717781403
광진구,2016,여,0.4866732740169521,0.17808625051705876,20.605555555555554,56.07816405362418,41.03612815269257,2.885707793683254
광진구,2017,남,0.14393172029264512,0.8972080018395874,21.490909090909092,45.72659260938563,44.933121741101786,9.340285649512582
광진구,2017,여,0.3589095433444253,0.8044664820161745,20.466666666666665,59.74025974025974,36.949325184619305,3.3104150751209573
광진구,2018,남,0.36116182065630453,1.0414402442981825,21.62727272727273,48.98656898656898,44.810744810744815,6.202686202686203
광진구,2018,여,0.43311329329073617,-0.34131465053514787,20.672222222222224,60.05291005291006,38.042328042328045,1.9047619047619049
광진구,2019,남,0.21619226827455904,-0.10322104309514447,22.027272727272727,49.89674754775426,43.572534847702634,6.530717604543108
광진구,2019,여,0.2927590124002276,-0.22758027696398964,20.727777777777778,62.26781258663709,35.237039090657056,2.4951483227058495
광진구,2020,남,0.12839782563431798,-0.15976398850140147,22.027272727272727,46.35725849973017,47.27468969239072,6.368051807879114
광진구,2020,여,0.29405657276823977,0.2562096281745236,20.969444444444445,61.057962858750706,36.80360157568936,2.1384355655599325
광진구,2021,남,0.49454845868578273,0.1277838099996044,23.725,32.89902280130293,58.306188925081436,8.794788273615636
광진구,2021,여,0.8927827148452635,0.3291283078023445,21.85,36.417910447761194,58.2089552238806,5.3731343283582085
광진구,2022,남,0.18438669960966533,0.03638215477525033,22.966666666666665,36.204103671706264,51.5658747300216,12.230021598272138
광진구,2022,여,0.5134046356236502,0.21802863710782217,20.866666666666667,52.913165266106446,41.62464985994398,5.46218487394958
광진구,2023,남,-0.24619579994264532,0.22410632909078243,22.46060606060606,43.483210017074555,43.625498007968126,12.891291974957314
광진구,2023,여,0.01807265158192406,1.2433922599520812,20.594444444444445,59.6887844979448,35.819142689371695,4.4920728126834994
광진구,2024,남,0.520210656811306,1.109764340487414,22.05757575757576,50.603795284646345,37.924094307073034,11.47211040828062
광진구,2024,여,0.6612858226617397,0.40095837399783063,20.566666666666666,66.24122527121888,29.674537332482448,4.0842373962986604
광진구,2025,남,0.4218553276612767,0.9377091491918015,22.26060606060606,48.372648551806506,40.69871603463721,10.928635413556286
광진구,2025,여,0.21670045998676618,0.8610865415651512,20.894444444444446,61.36290581806493,34.42622950819672,4.210864673738348
구로구,2016,남,1.0358362576329545,-0.9632178760625784,21.394871794871793,53.548636627344806,37.67163024560046,8.779733127054728
구로구,2016,여,0.8516210647495194,0.07914323324272153,20.669444444444444,65.51869849989436,30.720473272765688,3.760828227339953
구로구,2017,남,0.4695547990421055,-0.6735334179316802,21.70769230769231,49.7229326513214,40.92071611253197,9.356351236146633
구로구,2017,여,0.9690769944468706,-0.5142945681435004,20.805555555555557,64.75544114205476,31.453311490755908,3.7912473671893285
구로구,2018,남,0.5064287190162233,-0.48823590232891184,21.815384615384616,50.011523392486744,37.842820926480755,12.145655681032496
구로구,2018,여,1.114421325276338,-0.8804623286945915,20.86111111111111,65.01479289940828,30.004930966469427,4.980276134122287
구로구,2019,남,-0.05885571076348258,-0.6355276502342054,22.03333333333333,53.09713183899735,35.91226801638949,10.99060014461316
구로구,2019,여,0.8331463133794207,0.39023507103899324,20.961111111111112,66.34565330557002,29.59396147839667,4.060385216033316
구로구,2020,남,0.5073450427597748,-0.7102549029024837,21.91794871794872,52.378616969102495,38.057871505640016,9.563511525257478
구로구,2020,여,0.39021079271258796,0.18198367130735496,20.908333333333335,64.34666666666666,31.626666666666665,4.026666666666666
구로구,2022,남,0.006483051481301683,-0.3997201712095877,22.85952380952381,41.380163245115014,41.775908978481326,16.84392777640366
구로구,2022,여,0.6836355756201532,-0.3824394031206122,21.01794871794872,55.379984951091046,36.368196639077,8.251818409831953
구로구,2023,남,0.4873457026891702,-0.23362978982746654,22.71666666666667,43.26561324303988,40.53172811637823,16.20265864058189
구로구,2023,여,0.2501603315722189,0.2564315398898525,21.0,57.95397698849425,33.66683341670835,8.379189594797399
구로구,2024,남,0.3350015070406146,-0.3252000924621354,22.20714285714286,48.237382703525235,37.05300532589399,14.709611970580777
구로구,2024,여,0.7961815134907402,0.049982209079372425,20.766666666666666,60.878606706524565,31.94697166623343,7.174421627242007
구로구,2025,남,0.48316913738519873,0.038001467164009074,22.304761904761904,46.42580645161291,38.55483870967742,15.019354838709678
구로구,2025,여,0.7248467635112023,-0.08100269946593548,21.015384615384615,57.600854929201176,34.704782260219076,7.694362810579748
금천구,2016,남,0.3070398436476048,0.6434135404965192,21.28518518518519,44.25267518122195,41.11149464963756,14.63583016914049
금천구,2016,여,0.13734767141191057,-0.24318681052120392,20.849999999999998,56.49546827794561,39.04833836858006,4.45619335347432
금천구,2017,남,0.585863940773416,0.85081706202508,21.74074074074074,50.55031446540881,40.13364779874214,9.316037735849056
금천구,2017,여,1.3311388305969585,-0.5521397749253238,21.041666666666668,65.64468710625788,32.003359932801345,2.3519529609407814
금천구,2018,남,1.0928562322932898,-0.8471174425373813,21.75925925925926,51.4030612244898,39.1156462585034,9.481292517006802
금천구,2018,여,1.2766975728513303,0.4066868583259933,21.0125,65.30703720304795,32.04840878529807,2.6445540116539665
금천구,2019,남,1.6504830944243138,-1.0582597470950994,21.985185185185188,51.08303249097473,41.1101083032491,7.806859205776173
금천구,2019,여,0.7561338366887663,0.30111672545172813,21.10833333333333,65.97057427622211,30.7546274323683,3.2747982914095872
금천구,2020,남,0.917176474138381,-0.4882942766886929,22.14814814814815,49.071870537839125,40.64731080437887,10.280818657782008
금천구,2020,여,1.1387672973034604,-0.05148013760841774,21.279166666666665,63.65461847389559,33.53413654618474,2.8112449799196786
금천구,2021,남,0.14797400215778245,-0.04766306871838779,22.416666666666668,40.12605042016807,48.94957983193277,10.92436974789916
금천구,2021,여,0.4659128815420934,0.23833146574737712,21.3,55.04840940525588,39.004149377593365,5.94744121715076
금천구,2022,남,1.1024758606443479,0.06636803063260263,22.933333333333334,41.0484668644906,41.790306627101884,17.161226508407516
금천구,2022,여,1.4684378584534812,0.1743445058876173,21.53333333333333,50.21528525296017,41.227125941872984,8.557588805166846
금천구,2023,남,1.2301223446799718,0.3603063201647719,22.74814814814815,40.85965820818229,43.24184360435008,15.898498187467633
금천구,2023,여,0.334796238098642,-0.7710760840934524,21.333333333333332,54.363535297387436,38.35464146748194,7.281823235130629
금천구,2024,남,1.0088778750524385,1.361723467805555,22.54074074074074,48.862405200433365,36.56554712892741,14.572047670639222
금천구,2024,여,1.199662365195363,0.3295613881830742,21.170833333333334,60.33295063145809,31.113662456946038,8.553386911595867
금천구,2025,남,0.36139658998737434,-0.31739972114953424,22.644444444444442,41.903719912472646,38.12910284463895,19.967177242888404
금천구,2025,여,1.2882263608969908,-0.22545757437280312,21.325,56.25,35.77981651376147,7.970183486238532
노원구,2016,남,0.13293101463971727,0.7334603820223172,21.084615384615383,56.76811991591262,36.62370898455352,6.608171099533863
노원구,2016,여,0.7556876766301901,0.33811695457980545,20.489333333333335,68.09197256958451,29.296087131908028,2.6119402985074625
노원구,2017,남,-0.24576120837366586,0.09260066288011021,21.27948717948718,55.05583756345178,36.629441624365484,8.314720812182742
노원구,2017,여,0.5860798378714132,0.526095505614129,20.513333333333332,66.68900055834729,30.13958682300391,3.1714126186487994
노원구,2018,남,0.36559650298191365,0.8322725345159849,21.56103896103896,53.230002167786694,38.445696943420764,8.324300888792543
노원구,2018,여,0.15331960706953615,0.6332628692706717,20.635135135135137,65.07653969384123,31.470274118903525,3.4531861872552505
노원구,2019,남,-0.6234101263101502,0.3842916454922381,21.807692307692307,53.99147563644742,37.85278193756479,8.15574242598779
노원구,2019,여,-0.14536422609136176,0.31518866337015244,20.662666666666667,65.12040557667935,31.761723700887202,3.11787072243346
노원구,2020,남,-0.11746777321516505,0.8082468492622175,21.683333333333334,51.86327739387957,40.041954590325766,8.094768015794669
노원구,2020,여,-0.3315845187117934,0.315705986156599,20.66133333333333,60.97991313789359,34.83984799131379,4.180238870792617
노원구,2021,남,-0.632544643653748,-2.0931667251532247,9.2,15.217391304347828,11.956521739130435,72.82608695652173
노원구,2021,여,-1.0474915826734303,-1.4547398614222662,8.48,17.647058823529413,19.327731092436977,63.02521008403361
노원구,2022,남,-0.4551832529735718,-0.015694915695223827,22.558974358974357,43.78343949044586,42.64968152866242,13.566878980891719
노원구,2022,여,0.2264392666281434,-0.07187815340740028,20.810666666666666,56.48135311243588,38.056287259115486,5.462359628448634
노원구,2023,남,0.458768698744167,-0.1500880628141636,22.384615384615383,45.00335345405768,41.649899396378274,13.34674714956405
노원구,2023,여,0.3349373792897931,-0.7996245644320049,20.685333333333336,57.786226056441,36.423453721304284,5.790320222254715
노원구,2024,남,-0.5158800708100887,-0.12102318815552565,22.058974358974357,50.733427362482374,37.588152327221444,11.678420310296191
노원구,2024,여,-0.4904991997366754,-0.6147857622231249,20.594666666666665,60.89949518127582,33.65458161236041,5.4459232063637755
노원구,2025,남,-0.250074488629247,-0.12282951591932025,22.0525641025641,45.93230403800475,40.05344418052256,14.014251781472684
노원구,2025,여,-0.39815959178360993,-0.08715742289302564,20.64,56.43517043644473,37.06594456833386,6.498884995221409
도봉구,2016,남,-0.7987201224365017,-0.21188729597911019,21.144444444444446,50.12562814070351,43.46733668341709,6.407035175879397
도봉구,2016,여,0.8972966763584523,0.15706364889871316,20.723076923076924,63.13020604997808,34.2393686979395,2.63042525208242
도봉구,2017,남,-0.8371534967929909,-0.3223494027186098,21.33888888888889,45.62026515151515,44.64962121212121,9.730113636363637
도봉구,2017,여,-1.2713260558425434,-0.31237551966264715,20.74871794871795,58.84072089624939,37.14076960545543,4.018509498295178
도봉구,2018,남,-1.0649565451296754,0.18783389187687524,21.297222222222224,44.7070914696814,44.03905447070915,11.253854059609456
도봉구,2018,여,-0.5122968436204451,0.22809411997895537,20.738461538461536,56.462765957446805,38.484042553191486,5.053191489361701
도봉구,2019,남,-0.04597064764573894,0.2236509988475699,21.422222222222224,43.9812258420762,44.202098288238545,11.816675869685257
도봉구,2019,여,-1.0523849568638886,-0.4464422966278245,20.628205128205128,57.56194816291654,38.08031899743663,4.3577328396468245
도봉구,2020,남,0.2223381879036302,0.3839133746319843,21.530555555555555,46.73060156931125,42.05172914850334,11.21766928218541
도봉구,2020,여,-0.42913550517471427,-1.0317314147253087,20.574358974358972,58.96637608966376,36.83063511830635,4.202988792029888
도봉구,2022,남,0.12152400886262299,-0.9518016356350508,22.669444444444444,35.96358118361153,47.132018209408194,16.904400606980275
도봉구,2022,여,-0.6698463694763181,-0.723239667688013,21.005128205128205,49.5740498034076,43.152031454783746,7.273918741808651
도봉구,2023,남,0.22458947109932895,-1.161947784013902,22.433333333333334,39.68454258675079,44.06940063091483,16.246056782334385
도봉구,2023,여,-0.2673769657361663,-0.47688194545894125,20.997435897435896,52.62803234501347,40.902964959568735,6.46900269541779
도봉구,2024,남,-0.3070238999939072,-0.567592048221509,22.36111111111111,42.943345625209524,40.96547100234663,16.091183372443847
도봉구,2024,여,-0.950482278815479,-0.17535753054294648,20.943589743589744,56.42701525054466,37.218591140159766,6.3543936092955695
도봉구,2025,남,-0.09421488285839802,-0.6596535269332279,22.393939393939394,43.43874954561978,39.25845147219193,17.302798982188293
도봉구,2025,여,-1.0222937119652902,-0.5262173500976023,20.880555555555556,56.126787785079244,36.56745264785466,7.3057595670661
동대문구,2016,남,-0.556948780154111,1.206309052595265,21.575000000000003,53.34209949594565,40.03944773175542,6.618452772298926
동대문구,2016,여,0.2903311397714648,0.6613198949142629,20.887179487179488,62.08354052710094,35.604177026355046,2.3122824465440077
동대문구,2017,남,-0.28708512823016236,0.585683788936425,21.852777777777778,51.54282893112811,41.249074302641326,7.208096766230561
동대문구,2017,여,-1.0535675947482197,0.21149983452215404,20.943589743589744,61.384783798576905,35.90585659551177,2.70935960591133
동대문구,2018,남,-0.7090825835730628,0.0596860255906842,22.01111111111111,48.36109618484686,42.315959161741,9.322944653412144
동대문구,2018,여,-0.8080974789088552,0.3833984887278939,20.98205128205128,59.06585436611547,37.19176095155207,3.742384682332463
동대문구,2019,남,-0.9236608338210205,-0.3230026785581883,21.955555555555556,50.0,41.95108077360637,8.048919226393629
동대문구,2019,여,-0.8738889294293777,1.0849532926932055,21.094871794871796,63.26080100914538,34.27940712708924,2.459791863765374
동대문구,2020,남,-0.19153164265955513,-0.2537715678366579,22.116666666666667,47.50300842358604,44.163658243080626,8.333333333333332
동대문구,2020,여,-0.9233914860033833,0.2711092573548152,21.105128205128207,59.35846560846561,37.235449735449734,3.4060846560846563
동대문구,2021,남,-0.3754579287463134,-0.03949203426933673,23.400000000000002,39.37823834196891,43.523316062176164,17.098445595854923
동대문구,2021,여,-2.9974029085268787,-0.8344714435083981,17.075,45.63758389261745,40.26845637583892,14.093959731543624
동대문구,2022,남,-1.1619925338196875,0.6684580820134878,23.227777777777778,34.35273159144893,49.82185273159145,15.82541567695962
동대문구,2022,여,-1.4110795135794005,0.9220401067747294,21.41025641025641,48.29864552362075,42.48430789560621,9.217046580773044
동대문구,2023,남,-0.40764732684468286,0.6733416349507841,22.669444444444444,43.97590361445783,41.83734939759036,14.186746987951807
동대문구,2023,여,-0.0045488084117736305,1.020792932984903,21.076923076923077,54.99488578247528,37.265598363450394,7.739515854074326
동대문구,2024,남,-0.43645978552751485,-0.2625558365580516,22.180555555555557,45.07916796026079,40.70164545172307,14.219186588016145
동대문구,2024,여,-0.48706184302428207,0.019293992598526804,20.96666666666667,56.64819944598338,36.56509695290859,6.786703601108034
동대문구,2025,남,-0.8778944925620397,0.30595342375113477,22.26388888888889,44.3331246086412,40.67000626174077,14.996869129618034
동대문구,2025,여,-0.7028134755977126,0.44418530509861326,20.828205128205127,57.67309064953604,34.475374732334046,7.851534618129907
동작구,2016,남,0.37857435070407647,0.8754298358090905,21.490909090909092,49.6478164620648,41.37653451398672,8.97564902394848
동작구,2016,여,-0.0746701237919077,0.6883377184482987,20.782926829268295,65.73256840247132,30.38393645189762,3.8834951456310676
동작구,2017,남,0.009960782205562615,0.08274167484948987,21.57111111111111,51.22426868905742,39.436619718309856,9.339111592632719
동작구,2017,여,0.5389985885294174,0.025937208466323452,20.88095238095238,69.71814020717899,26.644182124789207,3.6376776680317997
동작구,2018,남,-0.17349283548751615,0.5802648237182768,21.72,49.685534591194966,40.071877807726864,10.242587601078167
동작구,2018,여,-0.402856360155239,0.0674299938013812,20.964285714285715,65.67012921205979,30.985558652140867,3.344312135799341
동작구,2019,남,0.18448608675464287,0.560425424323705,21.917777777777776,48.80416765332702,40.800378877575184,10.395453469097799
동작구,2019,여,0.24519974547497553,0.04978215286442452,20.76666666666667,66.10169491525424,30.69385593220339,3.204449152542373
동작구,2020,남,-0.4697558636811984,0.975359914544911,21.77111111111111,49.04252673464312,42.3526485948769,8.60482467047998
동작구,2020,여,0.6983070354648047,1.1212381523771942,20.678571428571427,65.62671045429667,31.2807881773399,3.092501368363437
동작구,2021,남,0.05691480180161459,0.8429598321325691,21.5,45.294117647058826,39.11764705882353,15.588235294117647
동작구,2021,여,0.24072224581495708,0.9052045525457982,20.366666666666664,59.171597633136095,33.53057199211045,7.297830374753452
동작구,2022,남,-0.4500061810211393,0.9384416570620702,22.755555555555556,41.991450842343475,41.46341463414634,16.545134523510182
동작구,2022,여,-0.5517422261185,0.47956853098244273,20.866666666666667,50.2596653202539,41.431044431621466,8.30929024812464
동작구,2023,남,-0.5842683437186784,0.4520743016840112,22.464444444444442,43.31761006289308,40.88050314465409,15.80188679245283
동작구,2023,여,-0.20564247537256997,0.6252607901885701,20.802380952380954,58.32832230907997,36.04930847865304,5.622369212266987
동작구,2024,남,-0.9403750114140019,0.14527405615146294,22.25777777777778,46.27156371730663,38.14691151919866,15.581524763494714
동작구,2024,여,-0.2664989957821244,0.7138025440396699,20.714285714285715,60.39877300613497,33.86503067484662,5.736196319018405
동작구,2025,남,-1.1794693198924442,0.4496572361937736,22.306818181818183,43.091065785693765,39.98850904912381,16.92042516518242
동작구,2025,여,-0.540153475324786,0.6626290098535357,20.826829268292684,52.90697674418605,38.8922888616891,8.200734394124847
마포구,2016,남,0.014057978518604361,-1.0160387796534776,21.325000000000003,50.52773411183472,42.35346957107568,7.118796317089602
마포구,2016,여,-0.5614060064566232,0.6405270683434786,20.887878787878787,66.0909090909091,30.886363636363633,3.022727272727273
마포구,2017,남,-0.42924360798486694,-0.46244478815386186,21.522222222222222,47.80534351145038,42.93893129770993,9.255725190839694
마포구,2017,여,0.3815096289357573,0.006591924458051439,20.86969696969697,68.33740831295843,29.02200488997555,2.6405867970660144
마포구,2018,남,-0.46083979865942387,-0.9491459034658365,21.61388888888889,46.717171717171716,43.40909090909091,9.873737373737374
마포구,2018,여,-1.1071264671302286,0.9309363095335706,21.03030303030303,66.57252888318357,30.192554557124517,3.2349165596919125
마포구,2019,남,0.047170681291854345,-1.0577385849455716,21.58888888888889,49.18877156837497,40.87046098377543,9.9407674478496
마포구,2019,여,0.07451115653153383,-0.5025053995606189,20.772727272727273,63.48657985649747,33.218176986446984,3.2952431570555407
마포구,2020,남,-0.45005501066269693,0.6539916637140766,21.669444444444444,42.833787465940055,44.986376021798364,12.17983651226158
마포구,2020,여,-0.1920432836567757,-0.12254475026440918,20.736363636363635,61.272475795297375,34.24619640387275,4.481327800829876
마포구,2021,남,0.28574029235181186,0.843674625917237,22.53333333333333,48.310810810810814,46.62162162162162,5.0675675675675675
마포구,2022,남,0.10027582688782437,-0.6668226241061338,22.575000000000003,40.54333764553687,43.182406209573095,16.27425614489004
마포구,2022,여,-1.040968856161251,-0.7634258754361681,20.815151515151513,50.64412238325282,39.559849704777236,9.796027911969942
마포구,2023,남,0.21973602542840376,0.25706724144118037,22.37777777777778,39.64512711864407,43.64406779661017,16.710805084745765
마포구,2023,여,-0.5796690210696386,-0.30091860291513967,20.636363636363637,55.29701615110868,35.77881193539557,8.924171913495757
마포구,2024,남,-0.2957946230818281,-0.7734028702036534,21.78611111111111,45.26546250684182,41.46141215106732,13.27312534209086
마포구,2024,여,-0.9436216140499434,-0.497990805411061,20.454545454545453,58.26112073945696,34.43096476025419,7.307914500288851
마포구,2025,남,0.0750705472647688,-1.0146140265713355,21.983333333333334,43.16030972182392,39.94837969601377,16.891310582162316
마포구,2025,여,-0.06865407493845177,-1.3325851327051084,20.40909090909091,60.43400713436385,32.609988109393576,6.956004756242569
서대문구,2016,남,0.13685516926502128,-0.7350449280095321,21.772727272727273,45.19230769230769,46.875,7.9326923076923075
서대문구,2016,여,0.32618844355209436,-0.42408516088648823,21.33888888888889,53.543728269590794,41.45493447445841,5.001337255950789
서대문구,2017,남,0.02050094666140989,-1.543186381001777,21.62121212121212,47.964040190375464,43.38974087784241,8.646218931782126
서대문구,2017,여,-0.07227070741527149,0.9419487569907868,20.975,61.91977077363897,34.98567335243553,3.0945558739255015
서대문구,2018,남,0.206747599340206,-0.28125461334394236,21.754545454545454,49.13031080695751,43.76960364984317,7.100085543199315
서대문구,2018,여,0.3045666237549132,-0.985373165887372,20.97222222222222,61.448382126348235,35.00770416024653,3.5439137134052388
서대문구,2019,남,0.25840175022704953,-0.33329978666276516,21.912121212121214,50.39706780696396,39.82895540623091,9.773976786805132
서대문구,2019,여,-0.09070910522453757,-1.218773106251857,20.855555555555554,59.885931558935354,36.153358681875794,3.960709759188847
서대문구,2020,남,0.3819093075795663,-0.0651609996777316,21.92727272727273,52.015233259282766,39.25737860996509,8.727388130752143
서대문구,2020,여,0.5274957935116024,-1.2681131727082737,20.87222222222222,58.7248322147651,36.97986577181208,4.295302013422819
서대문구,2021,남,0.24021069217372806,-0.07272690853524336,22.2,48.458149779735685,36.12334801762114,15.418502202643172
서대문구,2021,여,0.47928036220169534,-0.6521138942187606,20.5,61.46788990825688,32.11009174311927,6.422018348623854
서대문구,2022,남,-0.35413400134622514,0.35505386238328823,22.972727272727273,39.43569553805774,44.25853018372703,16.305774278215225
서대문구,2022,여,0.3868872779102616,-0.14012483422887942,21.038888888888888,51.27410468319559,42.21763085399449,6.508264462809918
서대문구,2023,남,-0.3856119335959982,-0.059538950519681465,22.53636363636364,47.646657571623464,38.915416098226466,13.437926330150068
서대문구,2023,여,0.004983941303666232,0.3346163672979337,21.01388888888889,58.999647763296934,35.716801690736176,5.2835505459668894
서대문구,2024,남,-0.18894802699232194,-0.40376994423775603,21.972727272727273,48.572399728076135,39.496940856560165,11.930659415363698
서대문구,2024,여,0.45492162028769095,-0.2413796095142747,20.76111111111111,58.658008658008654,35.75036075036075,5.591630591630592
서대문구,2025,남,-0.19056863591259768,-0.7038236256847116,22.03939393939394,46.95957820738137,37.89103690685413,15.1493848857645
서대문구,2025,여,0.15257414859119867,-0.28210351672957196,20.58888888888889,61.937590711175616,33.09143686502177,4.970972423802612
서초구,2016,남,0.01668349856445578,-0.5218192538584512,21.208333333333332,44.72547809993831,43.66132017273288,11.613201727328809
서초구,2016,여,-0.17552117425243086,0.05723646023944721,20.166666666666668,61.200774693350546,34.68366688185927,4.115558424790187
서초구,2017,남,-0.09839562403445888,-0.9436866972317621,21.26111111111111,45.9366278115252,43.85158430471187,10.211787883762929
서초구,2017,여,0.49379072395486046,-0.21340983565864632,20.076923076923077,63.7588529970634,32.993608567973745,3.247538434962861
서초구,2018,남,0.05593466937708321,-0.15113965009164587,21.336111111111112,46.97907949790795,42.54393305439331,10.476987447698745
서초구,2018,여,-0.001785913612641928,-0.5260137663798939,20.16153846153846,65.57932263814617,30.6951871657754,3.7254901960784315
서초구,2019,남,0.0775528554781191,-0.46125087286764704,21.505714285714287,46.66438003772937,38.96415709140799,14.371462870862631
서초구,2019,여,-0.5597965637905441,-0.7300134143691223,19.914634146341463,63.332718213692566,32.88429599557114,3.7829857907362987
서초구,2020,남,-0.3449245224112152,0.6812144100229878,21.556410256410256,45.538676444910074,41.74960712414877,12.711716430941156
서초구,2020,여,0.10491084293662076,0.26608467177639306,20.145238095238096,63.45389130846431,32.68320393864798,3.8629047528877107
서초구,2021,남,-0.2532819936171071,-0.5776685855002969,21.900000000000002,49.48186528497409,39.637305699481864,10.880829015544041
서초구,2021,여,0.2324961038705868,0.6423479053132548,20.533333333333335,60.902255639097746,31.57894736842105,7.518796992481203
서초구,2022,남,-0.4064685913266364,0.12188104140558231,22.34102564102564,36.22749453138145,45.68399798081777,18.088507487800772
서초구,2022,여,-0.430611965374488,-0.9820076522303655,20.336585365853658,51.932324131789855,39.5013357079252,8.56634016028495
서초구,2023,남,-0.4332257036322432,-0.3524288203078141,21.907894736842106,37.617823479006,44.06169665809769,18.320479862896317
서초구,2023,여,-0.6840027651278833,0.19096002483307353,20.073809523809523,54.490161001788906,37.94275491949911,7.567084078711986
서초구,2024,남,-0.23129531304416218,0.33406977607778376,21.572222222222223,43.60155973059199,41.86458702587735,14.533853243530661
서초구,2024,여,0.023037071301665102,-0.11620416415938646,19.961904761904762,60.12692656391659,33.871260199456025,6.00181323662738
서초구,2025,남,-0.4634516379089268,0.33828833620115323,21.658333333333335,42.26768377253814,40.74202496532593,16.990291262135923
서초구,2025,여,-0.33130307969921824,0.02597905866955441,20.026190476190475,60.88791047514217,33.223261786828104,5.888827738029719
성동구,2016,남,0.04760707337548037,-0.2060065800614448,21.233333333333334,53.38485316846986,38.42349304482225,8.191653786707882
성동구,2016,여,0.11798961475679351,0.20526410754536706,20.72121212121212,64.64614408124405,31.35512535702951,3.9987305617264357
성동구,2017,남,0.6680364823574022,-0.13268454147808117,21.545454545454547,51.98986975397975,37.77134587554269,10.23878437047757
성동구,2017,여,-0.18488629897771863,0.3329701422443956,20.912121212121214,63.77410468319559,31.16391184573003,5.06198347107438
성동구,2018,남,-0.09569376034476529,-0.12078208075065648,21.666666666666668,44.960362400906,45.37561343903359,9.6640241600604
성동구,2018,여,-0.20671523226413327,0.07521096974096826,20.83030303030303,57.03490464195754,38.359121986326016,4.605973371716445
성동구,2019,남,0.40121921255408033,-0.46021775819638994,21.921875,46.440938822624084,43.7475952289342,9.811465948441707
성동구,2019,여,0.1314422811549088,-0.3086755676281754,20.90625,59.230470268169455,37.34939759036144,3.4201321414691024
성동구,2020,남,0.1313186716589161,-1.1325949773189528,22.015151515151516,44.164037854889585,45.701892744479494,10.134069400630914
성동구,2020,여,0.1875357428256068,-0.5935017673635481,21.075757575757574,56.64860358482701,39.43309712380159,3.918299291371405
성동구,2022,남,0.3220007823088962,-0.484782366635869,22.784848484848485,40.32586558044807,41.34419551934827,18.329938900203665
성동구,2022,여,0.4871564715104889,0.9542089509181148,20.984848484848484,55.94882729211087,36.417910447761194,7.633262260127932
성동구,2023,남,0.18040239700396332,0.3729450798855076,22.40909090909091,42.96137339055794,42.188841201716734,14.84978540772532
성동구,2023,여,0.565568606914466,0.6928974686855719,20.824242424242424,57.25022104332449,36.03006189213086,6.71971706454465
성동구,2024,남,-0.3501931979016407,0.32213505987590413,22.145454545454545,48.8929889298893,37.1309963099631,13.976014760147601
성동구,2024,여,-0.13891373393721818,1.0452611029509304,20.71818181818182,60.42959427207637,32.840095465393794,6.730310262529833
성동구,2025,남,0.1302084351431442,-0.21440994353900297,22.106060606060606,45.744680851063826,39.65183752417795,14.603481624758222
성동구,2025,여,0.041159009678325864,0.17920683262711115,20.75151515151515,58.902077151335305,33.976261127596445,7.121661721068249
성북구,2016,남,0.5796150190031902,-0.2899608594410227,21.41111111111111,52.79114533205005,39.91017003529034,7.298684632659609
성북구,2016,여,-0.3130230612621384,-0.1921832182230998,20.822222222222223,61.01757631822387,35.18963922294172,3.7927844588344124
성북구,2017,남,-0.8867014520368592,0.1351497429667037,21.5,50.26914394860219,42.85466226775482,6.876193783642994
성북구,2017,여,-0.3021343058577236,-0.11337981673420146,20.688888888888886,63.51595424443106,33.73469797310857,2.749347782460365
성북구,2018,남,-1.003748498861796,-0.7411007810224547,21.724444444444444,48.80564603691639,43.087224031849445,8.107129931234166
성북구,2018,여,0.03197025376764521,0.14545278295917083,20.85,65.5367231638418,30.571249215317014,3.89202762084118
성북구,2019,남,-0.934010216280896,0.25887483109692505,21.88,52.25758697261288,39.785344189489265,7.957068837897853
성북구,2019,여,0.06919838127059541,-0.030437057412223672,20.950000000000003,62.621573828470375,34.261715296198055,3.116710875331565
성북구,2020,남,-1.0228039720639774,-0.1428279101665044,22.044444444444444,49.642097117430836,41.864964209711744,8.49293867285742
성북구,2020,여,0.2553870500610983,0.6506055471825579,20.83888888888889,59.006211180124225,37.15205889118933,3.841729928686451
성북구,2022,남,0.7245371026520816,0.7885943808058791,22.871111111111112,41.122793096607815,45.24895853997223,13.628248363419956
성북구,2022,여,1.1750172580066274,-0.5472687446797221,20.927777777777777,54.41278665740097,38.86958536020384,6.717627982395181
성북구,2023,남,0.4215075134803232,-0.509986687752632,22.36,46.96323380052813,41.945967905748525,11.090798293723338
성북구,2023,여,1.2648977176211404,0.07965042638582183,20.697222222222223,59.966777408637874,35.61936402467964,4.413858566682487
성북구,2024,남,-0.26382110095654837,0.1194860326981203,21.95777777777778,46.859592711682744,41.52197213290461,11.618435155412648
성북구,2024,여,0.7527575653252203,0.4471352892203993,20.619444444444444,62.291822023365654,32.96047725577927,4.747700720855083
성북구,2025,남,-0.03564122576766121,0.6393314990249656,21.966666666666665,48.46971999131756,39.960929021054916,11.569350987627523
성북구,2025,여,0.8146929215256696,0.6208907457117716,20.533333333333335,61.87265917602996,33.3832709113608,4.7440699126092385
송파구,2016,남,1.067710001856886,-0.7252997637212157,21.297222222222224,51.77080334005183,38.68893367885594,9.540262981092235
송파구,2016,여,0.29467056974730993,-0.04690758589219285,20.487499999999997,65.19542126430855,31.906775291327214,2.897803444364236
송파구,2017,남,0.20593183587475553,-0.06416444007406466,21.55972222222222,49.919965852096894,39.91036175434852,10.169672393554583
송파구,2017,여,0.1386897118928173,-0.35955904535687183,20.452777777777776,67.32169691365159,30.12368512310716,2.5546179632412436
송파구,2018,남,-0.09130719364071693,-0.03791577380026693,21.630555555555556,48.06895779693272,43.994178887271914,7.936863315795366
송파구,2018,여,0.01753905439560288,-0.5866152832224942,20.491666666666667,66.20756312673673,30.892835568442674,2.899601304820587
송파구,2019,남,0.049569957578728174,0.7859258126888768,21.734722222222224,52.65497076023392,39.672514619883046,7.6725146198830405
송파구,2019,여,0.45501270502128954,0.6076423544686044,20.461111111111112,66.64998749061797,30.62296722541906,2.727045283962972
송파구,2020,남,0.4405544120525612,0.2986916410660412,21.676000000000002,54.675914852906004,37.622578330542936,7.701506816551064
송파구,2020,여,0.44372531342107047,0.1805048857190996,20.483999999999998,67.43090052222647,30.059864985352185,2.5092344924213474
송파구,2021,남,0.3359798511690078,0.047579522585664655,21.7,52.226720647773284,43.31983805668016,4.4534412955465585
송파구,2021,여,0.6972731237275079,0.3561741756485046,20.75,68.18181818181817,29.09090909090909,2.727272727272727
송파구,2022,남,0.291655216121031,0.3825453196373115,22.369333333333334,43.94934894277864,43.35204873969657,12.698602317524788
송파구,2022,여,0.5960747452012822,0.4345897841176178,20.572000000000003,57.667004048582996,37.23431174089069,5.098684210526316
송파구,2023,남,0.5310611587646501,0.390705877738496,22.058974358974357,46.48262501513501,41.91790773701417,11.59946724785083
송파구,2023,여,0.3221959011399786,0.2635926876285573,20.41025641025641,60.27431735246005,34.83075374355102,4.8949289039889265
송파구,2024,남,0.5354657388179215,0.38978175216566485,21.74871794871795,53.41677096370463,35.99499374217772,10.588235294117647
송파구,2024,여,0.6211681121218239,0.6577567007243751,20.276923076923076,64.82882420823182,30.41415566098218,4.757020130785998
송파구,2025,남,0.42690223529134835,1.0663582008502077,21.865384615384617,52.0351354695039,36.496350364963504,11.4685141655326
송파구,2025,여,0.5394568329624452,0.8670475895812636,20.346153846153847,64.25176621708414,31.34232498394348,4.405908798972383
양천구,2016,남,-0.7241342918405002,-0.2912444089418979,21.225925925925928,48.137838356690345,43.97197158763678,7.890190055672875
양천구,2016,여,-0.5239213686750307,-0.313700947287682,20.376470588235296,63.94506326376121,33.04855628852601,3.006380447712772
양천구,2017,남,-0.38989025704571745,-0.48406405255519136,21.425925925925927,49.772943288626045,40.986376597317566,9.240680114056394
양천구,2017,여,-0.4899985668887889,-0.8313769725251179,20.5,66.79586563307494,29.97416020671835,3.229974160206718
양천구,2018,남,0.4554987839932305,0.2241066593832938,21.63148148148148,48.87752833963103,39.931095799066455,11.191375861302513
양천구,2018,여,0.4247627373945096,-0.42585606764337364,20.705882352941178,64.19676214196762,31.569115815691156,4.2341220423412205
양천구,2019,남,-0.3889703474054473,-0.6304437252603651,21.75925925925926,47.9459958458343,42.31479344564967,9.73921070851604
양천구,2019,여,0.10970324887018391,1.6084703841155623,20.719607843137254,64.12103746397695,32.28975635315693,3.5892061828661252
양천구,2020,남,0.16989286295826672,-0.23838734340358392,21.84259259259259,46.43375241779497,42.85541586073501,10.71083172147002
양천구,2020,여,-0.05489121650465635,0.22609662441432474,20.647058823529413,62.13526043086992,34.06053995091355,3.8041996182165256
양천구,2021,남,-0.14443593002042854,-0.3233653067038028,22.666666666666668,23.119777158774372,39.83286908077994,37.04735376044568
양천구,2022,남,0.4802583157094961,0.29995240691216524,22.67037037037037,39.03736991485336,45.18684957426679,15.77578051087985
양천구,2022,여,0.3908347064372384,0.2828148108029664,20.96470588235294,55.39644656589764,37.96075311588438,6.64280031821798
양천구,2023,남,0.19542519753928184,0.1001938244604718,22.315094339622643,43.28611212011139,41.74839568955079,14.965492190337814
양천구,2023,여,0.9940072547174097,-0.6637660871505305,20.69,59.647444657010105,34.968570647717954,5.383984695271932
양천구,2024,남,0.6417745306301283,0.5789410202669104,21.966666666666665,47.74971150147454,39.646108475445565,12.604180023079884
양천구,2024,여,0.5018621622253365,0.7477718369084632,20.466666666666665,62.07045291157441,32.98346513299784,4.94608195542775
양천구,2025,남,0.4134295674164362,0.4237566992642949,22.02156862745098,44.65128474043,39.78762454116413,15.561090718405874
양천구,2025,여,0.4304181404359398,0.14239201922417788,20.591666666666665,59.2752116441408,35.377989009356895,5.346799346502302
영등포구,2016,남,-0.34074274792954534,0.4070100636112808,21.084848484848482,52.9338945283486,38.22728398118346,8.838821490467938
영등포구,2016,여,0.4057833468766144,0.3885318714354144,20.48787878787879,65.02655856863294,31.4229801509645,3.5504612804025717
영등포구,2017,남,0.8319506648289363,-0.06226508937732054,21.36060606060606,52.285637002975385,37.00297538544766,10.711387611576955
영등포구,2017,여,1.4609165665139667,0.9008268456853606,20.633333333333333,68.96766169154229,28.04726368159204,2.9850746268656714
영등포구,2018,남,0.31841317798079866,0.34546376011728047,21.415151515151518,53.15005727376862,37.42840778923253,9.421534936998855
영등포구,2018,여,0.7628762989738477,0.8016116108052947,20.581818181818182,69.82729427700643,27.023366068405014,3.149339654588554
영등포구,2019,남,0.3733044041901554,0.1169590696684568,21.62727272727273,54.550880334228594,35.273052820053714,10.176066845717695
영등포구,2019,여,1.0926099764227297,-0.6523398326613877,20.554545454545455,65.46355272469923,30.36093418259023,4.175513092710545
영등포구,2020,남,0.5139746875077069,-1.0783686332909497,21.618181818181817,52.54716981132076,36.257861635220124,11.19496855345912
영등포구,2020,여,0.6068574961046792,-0.528929195101654,20.533333333333335,64.52212718482707,30.866493120119003,4.611379695053923
영등포구,2022,남,0.16582353208466058,0.3200396696703798,22.744444444444444,40.81570070530512,43.91291015026066,15.271389144434222
영등포구,2022,여,0.5993283191836589,-0.47192612838777787,20.875,50.931677018633536,40.407177363699105,8.661145617667357
영등포구,2023,남,0.06737388642413311,-0.9404423571265222,22.591666666666665,39.46300343428037,42.74118014361536,17.795816422104277
영등포구,2023,여,0.2816150582610751,-0.18002157194273524,20.83888888888889,51.275862068965516,39.62068965517241,9.10344827586207
영등포구,2024,남,0.2617950842021207,-0.045708981791585196,22.225,48.31813895001572,36.62370323797548,15.058157812008801
영등포구,2024,여,0.21640939937306114,0.02181720863459649,20.730555555555554,59.30965814802522,33.78692333222701,6.90341851974776
영등포구,2025,남,0.33730875509618036,0.42247433827529707,22.22222222222222,46.66230366492147,37.5,15.837696335078533
영등포구,2025,여,0.2711973099299667,0.4777853742887153,20.758333333333333,58.69202535869202,34.134134134134136,7.173840507173841
용산구,2016,남,-0.3688948801662302,0.3493184353649245,21.46875,42.29390681003584,50.497809637594585,7.208283552369574
용산구,2016,여,-0.2800676291284549,1.0580129811900223,21.022222222222222,62.71111111111111,34.57777777777778,2.711111111111111
용산구,2017,남,0.5716221480268934,0.9072439203111275,21.711111111111112,52.95735900962861,38.101788170563964,8.940852819807429
용산구,2017,여,0.3132878003115525,0.10822024063313658,21.02777777777778,70.15655577299414,27.25048923679061,2.592954990215264
용산구,2018,남,0.6886259150562754,1.009983476901424,21.866666666666667,53.48837209302325,37.16085271317829,9.35077519379845
용산구,2018,여,0.8931898143567005,0.5617685082625986,21.055555555555557,73.13272434175174,24.556689951638905,2.31058570660935
용산구,2019,남,0.38753569002281757,0.2987461174363668,22.022222222222222,56.864754098360656,36.27049180327869,6.864754098360656
용산구,2019,여,-0.5211356786027027,0.11007029759870375,21.172222222222224,67.74941995359629,29.582366589327147,2.668213457076566
용산구,2020,남,-0.9737157034437466,1.1607609760450186,22.205555555555556,55.55555555555556,38.49016480595428,5.954279638490164
용산구,2020,여,0.03964660246092333,0.02697518971074811,20.855555555555554,66.93251533742331,29.447852760736197,3.6196319018404908
용산구,2022,남,0.5167782522636291,0.2729806780209289,22.88888888888889,50.943396226415096,36.02058319039451,13.036020583190394
용산구,2022,여,0.8368275596177885,-0.7205281959723137,22.283333333333335,58.26193390452876,36.1077111383109,5.630354957160343
용산구,2023,남,0.7456744529003183,0.24558354066538815,22.672222222222224,51.32586918090748,36.652916912197995,12.02121390689452
용산구,2023,여,1.250506450954746,-0.1684251048397573,21.049999999999997,60.71887034659821,35.17329910141206,4.10783055198973
용산구,2024,남,1.284119702087936,0.9247238421656365,22.61111111111111,54.9936788874842,33.122629582806574,11.883691529709228
용산구,2024,여,1.3708451978941598,-0.4265648899086123,21.049999999999997,62.1583742116328,33.707077785564124,4.134548002803083
용산구,2025,남,1.5733909352598996,-0.352666890228915,22.188888888888886,52.71366188396757,35.74547723019339,11.540860885839052
용산구,2025,여,1.1593486752205042,-0.04932463105803875,21.083333333333332,62.31003039513677,32.37082066869301,5.319148936170213
은평구,2016,남,-0.31683814779150604,-0.16612030363411381,21.075,53.647438720093945,39.982386613826506,6.370174666079553
은평구,2016,여,0.11292507436598424,-0.18659826874426963,20.658333333333335,62.21981759159066,34.20930592054414,3.570876487865203
은평구,2017,남,0.9124694666245731,0.21184118870837668,21.379166666666666,51.82308180088776,40.12365250475586,8.053265694356373
은평구,2017,여,-0.3497296022393385,0.8129210738543007,20.756249999999998,60.143442622950815,35.28005464480874,4.576502732240438
은평구,2018,남,0.473722939080135,0.45665256661025344,21.618750000000002,52.186343760511264,40.363269424823415,7.450386814665322
은평구,2018,여,0.3803632544676308,-0.06967188765210586,20.852083333333333,61.20188816267248,35.330428467683376,3.467683369644154
은평구,2019,남,-0.05850247314441496,0.44025235063413354,21.741666666666664,53.43416370106762,37.49110320284698,9.07473309608541
은평구,2019,여,-0.0014641077822251287,0.20194891051090194,21.010416666666668,62.774155305275634,32.1675558190081,5.058288875716261
은평구,2020,남,-0.29001081734880496,0.32559090217093783,21.84375,48.120441368991955,42.99607256405461,8.883486066953433
은평구,2020,여,0.0947708040321303,0.14615441175016228,20.991666666666667,60.56627000410341,34.61222814936397,4.821501846532622
은평구,2022,남,-0.6098814559292348,-0.22043560129078066,22.704166666666666,39.99245425391435,41.80343331446897,18.204112431616675
은평구,2022,여,-0.4268791599712453,-0.21055482288092844,20.897916666666667,48.853868194842406,41.526811297584935,9.619320507572656
은평구,2023,남,-1.4077196820692008,-0.2010019848491761,22.375,41.32703288048828,38.21618428824572,20.456782831265997
은평구,2023,여,-0.37985918833316057,0.1496638555359199,20.852083333333333,53.65239294710328,37.06968933669186,9.27791771620487
은평구,2024,남,-0.9056865861437038,0.17329833345141776,22.166666666666668,47.9072630283135,35.06360279031596,17.029134181370537
은평구,2024,여,0.17825084148100004,-0.5691254978780481,20.783333333333335,58.215661103979464,33.99657680787334,7.787762088147197
은평구,2025,남,-1.0066922630124975,-0.5030923411070581,22.01489361702128,47.808764940239044,36.04529251415391,16.145942545607046
은평구,2025,여,0.4604544012380032,-0.2707759385478063,20.68936170212766,58.920800696257615,34.39947780678851,6.679721496953873
종로구,2016,남,0.8729869262188164,0.07687095403049558,21.59333333333333,52.995616171456405,38.23672674135412,8.767657087189479
종로구,2016,여,-1.6316724751016665,-1.6196067007879542,20.52,58.60010851871947,39.50081389039609,1.8990775908844275
종로구,2017,남,0.9001793869553576,0.5108836298177896,21.846666666666668,60.130718954248366,30.82788671023965,9.041394335511981
종로구,2017,여,-0.6296110101956599,-1.4240661209976686,20.526666666666664,51.74563591022444,46.3216957605985,1.9326683291770574
종로구,2018,남,0.9443296143908219,0.23176749962755072,21.913333333333334,57.64425936942297,33.8488994646044,8.506841165972636
종로구,2018,여,-1.7522050635343334,-0.352367915631057,20.88,53.333333333333336,40.476190476190474,6.190476190476191
종로구,2019,남,1.1359215069449753,0.8922143401957451,21.98,62.50795671546785,31.826861871419474,5.665181413112667
종로구,2019,여,-0.17103529109258608,-0.24145459236481917,20.533333333333335,56.58972449739389,39.38942665673865,4.0208488458674605
종로구,2020,남,0.5131160029245477,0.46116323514975005,21.953333333333333,62.73333333333333,33.33333333333333,3.933333333333333
종로구,2020,여,-2.1682882344489323,-0.7360727489453545,20.7,57.27204220045215,36.850037678975134,5.87792012057272
종로구,2022,남,1.2297968027299568,-1.0183379556366619,22.66,41.919548341566696,38.320395201129145,19.760056457304167
종로구,2022,여,-1.3272586232073436,-0.9242865055822542,21.1,48.01526717557252,45.49618320610687,6.488549618320611
종로구,2023,남,0.6266811748249164,0.48279866523838644,22.233333333333334,47.64437689969605,37.38601823708207,14.969604863221885
종로구,2023,여,-1.5813521542564495,-1.9365212483524419,20.686666666666667,55.44082605242255,40.9054805401112,3.653693407466243
종로구,2024,남,1.0974012577392385,-0.23702318509204315,22.040000000000003,51.21163166397415,33.521809369951534,15.266558966074314
종로구,2024,여,-1.5044085480098215,-1.722198365546852,19.64,56.09555189456342,38.138385502471166,5.766062602965404
종로구,2025,남,1.241549140250642,0.3043536576945489,21.9,49.027895181741336,36.43279797125951,14.539306846999157
종로구,2025,여,-1.7722694021948557,-1.689934578403017,20.626666666666665,58.65874363327674,36.16298811544992,5.178268251273345
중구,2016,남,0.2717357991666035,-0.3899994208237943,21.6,53.74823196605375,41.584158415841586,4.667609618104668
중구,2016,여,-1.5814301333468999,-0.2775368053523435,21.625,54.96742671009772,41.20521172638437,3.8273615635179157
중구,2017,남,-0.7902339373519848,0.20996466976676173,22.066666666666666,50.851788756388416,44.71890971039183,4.429301533219761
중구,2017,여,-2.541611164496492,-0.8042295777229507,21.2,56.669733210671566,38.822447102115916,4.507819687212511
중구,2018,남,-0.2784286947196278,-1.1842029354086832,22.066666666666666,47.86245353159851,43.866171003717476,8.271375464684015
중구,2018,여,-1.681273639809165,-0.3882315359629321,21.291666666666668,59.86261040235525,35.91756624141315,4.2198233562316
중구,2019,남,0.4785095518219961,-0.7535589597706754,22.146666666666665,49.59839357429719,42.570281124497996,7.83132530120482
중구,2019,여,-0.6262365696915662,-0.03613686726923404,20.900000000000002,59.19003115264797,35.92938733125649,4.880581516095535
중구,2020,남,0.9990234458167778,-0.7363238111522292,22.246666666666666,48.42767295597484,41.61425576519916,9.958071278825996
중구,2020,여,0.7911995064456819,-0.906817696072645,21.150000000000002,55.14124293785311,41.12994350282486,3.728813559322034
중구,2022,남,1.1969219907940105,0.6767895295091569,22.573333333333334,45.93967517401392,40.48723897911833,13.57308584686775
중구,2022,여,-0.6088104130834946,0.3074642651155443,21.566666666666666,46.273637374860954,46.941045606229146,6.7853170189099
중구,2023,남,0.5339626924895542,0.3582320439848685,22.553333333333335,45.532435740514074,41.2484700122399,13.219094247246021
중구,2023,여,0.21447636671396125,-0.06911026326044685,21.208333333333332,53.4994068801898,41.518386714116254,4.98220640569395
중구,2024,남,0.39211557647417417,-1.2431119299437594,22.326666666666664,45.73643410852713,40.05167958656331,14.21188630490956
중구,2024,여,-0.7091271946965718,-1.5372314987862938,21.154545454545453,50.074294205052006,43.23922734026746,6.686478454680535
중구,2025,남,0.05005725014259382,-1.1921323539415372,22.413333333333334,37.93103448275862,44.16445623342175,17.90450928381963
중구,2025,여,-0.04621001879326858,-2.172091802297247,21.283333333333335,53.97973950795948,39.218523878437054,6.801736613603474
중랑구,2016,남,-0.16233146947621932,0.2615892342384359,21.48787878787879,44.06309955233426,46.57855467917288,9.358345768492859
중랑구,2016,여,0.7113529537850068,-0.808672182166823,21.14047619047619,56.91562932226832,39.07330567081605,4.011065006915629
중랑구,2017,남,-0.7050377268931171,-0.5794327834903297,21.96969696969697,47.15702879264457,43.50350834744737,9.339462859908057
중랑구,2017,여,0.07681429304043237,0.09227716908117845,21.35238095238095,62.172284644194754,34.43196004993758,3.3957553058676657
중랑구,2018,남,-0.5423438081467412,-0.8790788234475738,21.915151515151518,44.14319557778363,43.37983679915767,12.476967623058698
중랑구,2018,여,0.6554536235277576,-1.7542720086893053,21.295238095238094,57.76850886339937,37.09593326381648,5.13555787278415
중랑구,2019,남,0.012445298758869017,0.07117461298053665,22.16969696969697,46.616119067677616,44.48188711036226,8.901993821960124
중랑구,2019,여,-0.6761596455615921,0.03408265630396923,21.50952380952381,52.74509803921569,43.72549019607843,3.5294117647058822
중랑구,2020,남,0.05564438131863144,-1.0281071201586929,22.12727272727273,46.67054376272172,42.366967141610935,10.962489095667346
중랑구,2020,여,-0.4542776548278076,0.8883924766648613,21.402380952380952,53.59831376091538,41.764528756398676,4.637157482685938
중랑구,2021,남,-0.1619331503123002,0.6032507650885369,22.8,32.47549019607843,49.63235294117647,17.892156862745097
중랑구,2021,여,-0.3572545180429964,0.38386399272909766,21.755555555555556,36.64596273291926,52.0703933747412,11.283643892339544
중랑구,2022,남,-0.013559325013626555,0.18457855736482667,23.175757575757576,36.935341009743134,45.91083554768232,17.153823442574552
중랑구,2022,여,-0.18597816819054516,1.260616532741593,21.50952380952381,49.344159900062465,43.91005621486571,6.74578388507183
중랑구,2023,남,-0.11809270380611658,-0.5088163872453434,22.74848484848485,38.28051459052401,43.112645120803265,18.606840288672732
중랑구,2023,여,0.3997897145491145,0.19736028746265633,21.454761904761906,52.55427841634738,39.52745849297574,7.918263090676884
중랑구,2024,남,0.10855561922268764,-0.7434373051792589,22.263636363636365,45.41372674791533,38.197562540089805,16.388710711994868
중랑구,2024,여,0.10480160862126536,-0.024320601706322557,21.280952380952378,57.119314436387604,36.519446275543835,6.361239288068557
중랑구,2025,남,0.03350990872312465,-0.4414812884314717,22.400000000000002,44.24202992843201,37.735849056603776,18.022121014964217
중랑구,2025,여,0.05762857366607449,-0.20547284314104858,21.202380952380953,57.78979384927341,35.24839472794863,6.9618114227779655
